sar_1:1-5000000	SAR_000
sar_1:5000001-10000000	SAR_001
sar_1:10000001-15000000	SAR_002
sar_1:15000001-20000000	SAR_003
sar_1:20000001-25000000	SAR_004
sar_1:25000001-30000000	SAR_005
sar_1:30000001-35000000	SAR_006
sar_1:35000001-40000000	SAR_007
sar_1:40000001-45000000	SAR_008
sar_1:45000001-50000000	SAR_009
sar_1:50000001-55000000	SAR_010
sar_1:55000001-60000000	SAR_011
sar_1:60000001-65000000	SAR_012
sar_1:65000001-70000000	SAR_013
sar_1:70000001-75000000	SAR_014
sar_1:75000001-80000000	SAR_015
sar_1:80000001-85000000	SAR_016
sar_1:85000001-90000000	SAR_017
sar_1:90000001-95000000	SAR_018
sar_1:95000001-100000000	SAR_019
sar_1:100000001-105000000	SAR_020
sar_1:105000001-110000000	SAR_021
sar_1:110000001-115000000	SAR_022
sar_1:115000001-120000000	SAR_023
sar_1:120000001-125000000	SAR_024
sar_1:125000001-130000000	SAR_025
sar_1:130000001-135000000	SAR_026
sar_1:135000001-140000000	SAR_027
sar_1:140000001-145000000	SAR_028
sar_1:145000001-150000000	SAR_029
sar_1:150000001-155000000	SAR_030
sar_1:155000001-160000000	SAR_031
sar_1:160000001-165000000	SAR_032
sar_1:165000001-170000000	SAR_033
sar_1:170000001-175000000	SAR_034
sar_1:175000001-176673234	SAR_035
sar_2:1-5000000	SAR_036
sar_2:5000001-10000000	SAR_037
sar_2:10000001-15000000	SAR_038
sar_2:15000001-20000000	SAR_039
sar_2:20000001-25000000	SAR_040
sar_2:25000001-30000000	SAR_041
sar_2:30000001-35000000	SAR_042
sar_2:35000001-40000000	SAR_043
sar_2:40000001-45000000	SAR_044
sar_2:45000001-50000000	SAR_045
sar_2:50000001-55000000	SAR_046
sar_2:55000001-60000000	SAR_047
sar_2:60000001-65000000	SAR_048
sar_2:65000001-70000000	SAR_049
sar_2:70000001-75000000	SAR_050
sar_2:75000001-80000000	SAR_051
sar_2:80000001-85000000	SAR_052
sar_2:85000001-90000000	SAR_053
sar_2:90000001-95000000	SAR_054
sar_2:95000001-100000000	SAR_055
sar_2:100000001-105000000	SAR_056
sar_2:105000001-110000000	SAR_057
sar_2:110000001-115000000	SAR_058
sar_2:115000001-120000000	SAR_059
sar_2:120000001-125000000	SAR_060
sar_2:125000001-130000000	SAR_061
sar_2:130000001-135000000	SAR_062
sar_2:135000001-140000000	SAR_063
sar_2:140000001-145000000	SAR_064
sar_2:145000001-150000000	SAR_065
sar_2:150000001-155000000	SAR_066
sar_2:155000001-160000000	SAR_067
sar_2:160000001-165000000	SAR_068
sar_2:165000001-170000000	SAR_069
sar_2:170000001-175000000	SAR_070
sar_2:175000001-180000000	SAR_071
sar_2:180000001-185000000	SAR_072
sar_2:185000001-190000000	SAR_073
sar_2:190000001-195000000	SAR_074
sar_2:195000001-200000000	SAR_075
sar_2:200000001-205000000	SAR_076
sar_2:205000001-210000000	SAR_077
sar_2:210000001-215000000	SAR_078
sar_2:215000001-220000000	SAR_079
sar_2:220000001-225000000	SAR_080
sar_2:225000001-230000000	SAR_081
sar_2:230000001-235000000	SAR_082
sar_2:235000001-240000000	SAR_083
sar_2:240000001-245000000	SAR_084
sar_2:245000001-250000000	SAR_085
sar_2:250000001-255000000	SAR_086
sar_2:255000001-260000000	SAR_087
sar_2:260000001-265000000	SAR_088
sar_2:265000001-270000000	SAR_089
sar_2:270000001-275000000	SAR_090
sar_2:275000001-278254308	SAR_091
sar_3:1-5000000	SAR_092
sar_3:5000001-10000000	SAR_093
sar_3:10000001-15000000	SAR_094
sar_3:15000001-20000000	SAR_095
sar_3:20000001-25000000	SAR_096
sar_3:25000001-30000000	SAR_097
sar_3:30000001-35000000	SAR_098
sar_3:35000001-40000000	SAR_099
sar_3:40000001-45000000	SAR_100
sar_3:45000001-50000000	SAR_101
sar_3:50000001-55000000	SAR_102
sar_3:55000001-60000000	SAR_103
sar_3:60000001-65000000	SAR_104
sar_3:65000001-70000000	SAR_105
sar_3:70000001-75000000	SAR_106
sar_3:75000001-80000000	SAR_107
sar_3:80000001-85000000	SAR_108
sar_3:85000001-90000000	SAR_109
sar_3:90000001-95000000	SAR_110
sar_3:95000001-100000000	SAR_111
sar_3:100000001-105000000	SAR_112
sar_3:105000001-110000000	SAR_113
sar_3:110000001-115000000	SAR_114
sar_3:115000001-120000000	SAR_115
sar_3:120000001-125000000	SAR_116
sar_3:125000001-130000000	SAR_117
sar_3:130000001-135000000	SAR_118
sar_3:135000001-140000000	SAR_119
sar_3:140000001-145000000	SAR_120
sar_3:145000001-150000000	SAR_121
sar_3:150000001-155000000	SAR_122
sar_3:155000001-160000000	SAR_123
sar_3:160000001-165000000	SAR_124
sar_3:165000001-170000000	SAR_125
sar_3:170000001-175000000	SAR_126
sar_3:175000001-180000000	SAR_127
sar_3:180000001-185000000	SAR_128
sar_3:185000001-190000000	SAR_129
sar_3:190000001-195000000	SAR_130
sar_3:195000001-200000000	SAR_131
sar_3:200000001-205000000	SAR_132
sar_3:205000001-210000000	SAR_133
sar_3:210000001-215000000	SAR_134
sar_3:215000001-220000000	SAR_135
sar_3:220000001-225000000	SAR_136
sar_3:225000001-230000000	SAR_137
sar_3:230000001-235000000	SAR_138
sar_3:235000001-240000000	SAR_139
sar_3:240000001-243372578	SAR_140
sar_4:1-5000000	SAR_141
sar_4:5000001-10000000	SAR_142
sar_4:10000001-15000000	SAR_143
sar_4:15000001-20000000	SAR_144
sar_4:20000001-25000000	SAR_145
sar_4:25000001-30000000	SAR_146
sar_4:30000001-35000000	SAR_147
sar_4:35000001-40000000	SAR_148
sar_4:40000001-45000000	SAR_149
sar_4:45000001-50000000	SAR_150
sar_4:50000001-55000000	SAR_151
sar_4:55000001-60000000	SAR_152
sar_4:60000001-65000000	SAR_153
sar_4:65000001-70000000	SAR_154
sar_4:70000001-75000000	SAR_155
sar_4:75000001-80000000	SAR_156
sar_4:80000001-85000000	SAR_157
sar_4:85000001-90000000	SAR_158
sar_4:90000001-95000000	SAR_159
sar_4:95000001-100000000	SAR_160
sar_4:100000001-105000000	SAR_161
sar_4:105000001-110000000	SAR_162
sar_4:110000001-115000000	SAR_163
sar_4:115000001-120000000	SAR_164
sar_4:120000001-125000000	SAR_165
sar_4:125000001-130000000	SAR_166
sar_4:130000001-135000000	SAR_167
sar_4:135000001-140000000	SAR_168
sar_4:140000001-145000000	SAR_169
sar_4:145000001-150000000	SAR_170
sar_4:150000001-155000000	SAR_171
sar_4:155000001-160000000	SAR_172
sar_4:160000001-165000000	SAR_173
sar_4:165000001-170000000	SAR_174
sar_4:170000001-174497443	SAR_175
sar_5:1-5000000	SAR_176
sar_5:5000001-10000000	SAR_177
sar_5:10000001-15000000	SAR_178
sar_5:15000001-20000000	SAR_179
sar_5:20000001-25000000	SAR_180
sar_5:25000001-30000000	SAR_181
sar_5:30000001-35000000	SAR_182
sar_5:35000001-40000000	SAR_183
sar_5:40000001-45000000	SAR_184
sar_5:45000001-50000000	SAR_185
sar_5:50000001-55000000	SAR_186
sar_5:55000001-60000000	SAR_187
sar_5:60000001-65000000	SAR_188
sar_5:65000001-70000000	SAR_189
sar_5:70000001-75000000	SAR_190
sar_5:75000001-80000000	SAR_191
sar_5:80000001-85000000	SAR_192
sar_5:85000001-90000000	SAR_193
sar_5:90000001-95000000	SAR_194
sar_5:95000001-100000000	SAR_195
sar_5:100000001-105000000	SAR_196
sar_5:105000001-110000000	SAR_197
sar_5:110000001-115000000	SAR_198
sar_5:115000001-120000000	SAR_199
sar_5:120000001-125000000	SAR_200
sar_5:125000001-130000000	SAR_201
sar_5:130000001-135000000	SAR_202
sar_5:135000001-140000000	SAR_203
sar_5:140000001-145000000	SAR_204
sar_5:145000001-150000000	SAR_205
sar_5:150000001-155000000	SAR_206
sar_5:155000001-160000000	SAR_207
sar_5:160000001-165000000	SAR_208
sar_5:165000001-170000000	SAR_209
sar_5:170000001-170134713	SAR_210
sar_6:1-5000000	SAR_211
sar_6:5000001-10000000	SAR_212
sar_6:10000001-15000000	SAR_213
sar_6:15000001-20000000	SAR_214
sar_6:20000001-25000000	SAR_215
sar_6:25000001-30000000	SAR_216
sar_6:30000001-35000000	SAR_217
sar_6:35000001-40000000	SAR_218
sar_6:40000001-45000000	SAR_219
sar_6:45000001-50000000	SAR_220
sar_6:50000001-55000000	SAR_221
sar_6:55000001-60000000	SAR_222
sar_6:60000001-65000000	SAR_223
sar_6:65000001-70000000	SAR_224
sar_6:70000001-75000000	SAR_225
sar_6:75000001-80000000	SAR_226
sar_6:80000001-85000000	SAR_227
sar_6:85000001-90000000	SAR_228
sar_6:90000001-95000000	SAR_229
sar_6:95000001-100000000	SAR_230
sar_6:100000001-105000000	SAR_231
sar_6:105000001-110000000	SAR_232
sar_6:110000001-115000000	SAR_233
sar_6:115000001-120000000	SAR_234
sar_6:120000001-125000000	SAR_235
sar_6:125000001-130000000	SAR_236
sar_6:130000001-135000000	SAR_237
sar_6:135000001-140000000	SAR_238
sar_6:140000001-140704431	SAR_239
sar_7:1-5000000	SAR_240
sar_7:5000001-10000000	SAR_241
sar_7:10000001-15000000	SAR_242
sar_7:15000001-20000000	SAR_243
sar_7:20000001-25000000	SAR_244
sar_7:25000001-30000000	SAR_245
sar_7:30000001-35000000	SAR_246
sar_7:35000001-40000000	SAR_247
sar_7:40000001-45000000	SAR_248
sar_7:45000001-50000000	SAR_249
sar_7:50000001-55000000	SAR_250
sar_7:55000001-60000000	SAR_251
sar_7:60000001-65000000	SAR_252
sar_7:65000001-70000000	SAR_253
sar_7:70000001-75000000	SAR_254
sar_7:75000001-80000000	SAR_255
sar_7:80000001-85000000	SAR_256
sar_7:85000001-90000000	SAR_257
sar_7:90000001-95000000	SAR_258
sar_7:95000001-100000000	SAR_259
sar_7:100000001-105000000	SAR_260
sar_7:105000001-110000000	SAR_261
sar_7:110000001-115000000	SAR_262
sar_7:115000001-120000000	SAR_263
sar_7:120000001-125000000	SAR_264
sar_7:125000001-130000000	SAR_265
sar_7:130000001-135000000	SAR_266
sar_7:135000001-140000000	SAR_267
sar_7:140000001-145000000	SAR_268
sar_7:145000001-150000000	SAR_269
sar_7:150000001-155000000	SAR_270
sar_7:155000001-160000000	SAR_271
sar_7:160000001-165000000	SAR_272
sar_7:165000001-170000000	SAR_273
sar_7:170000001-175000000	SAR_274
sar_7:175000001-180000000	SAR_275
sar_7:180000001-185000000	SAR_276
sar_7:185000001-190000000	SAR_277
sar_7:190000001-195000000	SAR_278
sar_7:195000001-199886148	SAR_279
sar_8:1-5000000	SAR_280
sar_8:5000001-10000000	SAR_281
sar_8:10000001-15000000	SAR_282
sar_8:15000001-20000000	SAR_283
sar_8:20000001-25000000	SAR_284
sar_8:25000001-30000000	SAR_285
sar_8:30000001-35000000	SAR_286
sar_8:35000001-40000000	SAR_287
sar_8:40000001-45000000	SAR_288
sar_8:45000001-50000000	SAR_289
sar_8:50000001-55000000	SAR_290
sar_8:55000001-60000000	SAR_291
sar_8:60000001-65000000	SAR_292
sar_8:65000001-70000000	SAR_293
sar_8:70000001-75000000	SAR_294
sar_8:75000001-80000000	SAR_295
sar_8:80000001-85000000	SAR_296
sar_8:85000001-90000000	SAR_297
sar_8:90000001-95000000	SAR_298
sar_8:95000001-100000000	SAR_299
sar_8:100000001-105000000	SAR_300
sar_8:105000001-110000000	SAR_301
sar_8:110000001-115000000	SAR_302
sar_8:115000001-120000000	SAR_303
sar_8:120000001-125000000	SAR_304
sar_8:125000001-130000000	SAR_305
sar_8:130000001-135000000	SAR_306
sar_8:135000001-140000000	SAR_307
sar_8:140000001-145000000	SAR_308
sar_8:145000001-150000000	SAR_309
sar_8:150000001-155000000	SAR_310
sar_8:155000001-160000000	SAR_311
sar_8:160000001-165000000	SAR_312
sar_8:165000001-170000000	SAR_313
sar_8:170000001-175000000	SAR_314
sar_8:175000001-180000000	SAR_315
sar_8:180000001-185000000	SAR_316
sar_8:185000001-190000000	SAR_317
sar_8:190000001-195000000	SAR_318
sar_8:195000001-200000000	SAR_319
sar_8:200000001-205000000	SAR_320
sar_8:205000001-210000000	SAR_321
sar_8:210000001-215000000	SAR_322
sar_8:215000001-220000000	SAR_323
sar_8:220000001-225000000	SAR_324
sar_8:225000001-230000000	SAR_325
sar_8:230000001-235000000	SAR_326
sar_8:235000001-240000000	SAR_327
sar_8:240000001-245000000	SAR_328
sar_8:245000001-245763954	SAR_329
sar_9:1-5000000	SAR_330
sar_9:5000001-10000000	SAR_331
sar_9:10000001-15000000	SAR_332
sar_9:15000001-20000000	SAR_333
sar_9:20000001-25000000	SAR_334
sar_9:25000001-30000000	SAR_335
sar_9:30000001-35000000	SAR_336
sar_9:35000001-40000000	SAR_337
sar_9:40000001-45000000	SAR_338
sar_9:45000001-50000000	SAR_339
sar_9:50000001-55000000	SAR_340
sar_9:55000001-60000000	SAR_341
sar_9:60000001-65000000	SAR_342
sar_9:65000001-70000000	SAR_343
sar_9:70000001-75000000	SAR_344
sar_9:75000001-80000000	SAR_345
sar_9:80000001-85000000	SAR_346
sar_9:85000001-90000000	SAR_347
sar_9:90000001-95000000	SAR_348
sar_9:95000001-100000000	SAR_349
sar_9:100000001-105000000	SAR_350
sar_9:105000001-110000000	SAR_351
sar_9:110000001-115000000	SAR_352
sar_9:115000001-120000000	SAR_353
sar_9:120000001-125000000	SAR_354
sar_9:125000001-130000000	SAR_355
sar_9:130000001-135000000	SAR_356
sar_9:135000001-140000000	SAR_357
sar_9:140000001-145000000	SAR_358
sar_9:145000001-150000000	SAR_359
sar_9:150000001-155000000	SAR_360
sar_9:155000001-160000000	SAR_361
sar_9:160000001-165000000	SAR_362
sar_9:165000001-170000000	SAR_363
sar_9:170000001-175000000	SAR_364
sar_9:175000001-180000000	SAR_365
sar_9:180000001-185000000	SAR_366
sar_9:185000001-190000000	SAR_367
sar_9:190000001-195000000	SAR_368
sar_9:195000001-200000000	SAR_369
sar_9:200000001-205000000	SAR_370
sar_9:205000001-210000000	SAR_371
sar_9:210000001-215000000	SAR_372
sar_9:215000001-220000000	SAR_373
sar_9:220000001-225000000	SAR_374
sar_9:225000001-230000000	SAR_375
sar_9:230000001-235000000	SAR_376
sar_9:235000001-240000000	SAR_377
sar_9:240000001-245000000	SAR_378
sar_9:245000001-250000000	SAR_379
sar_9:250000001-252805564	SAR_380
sar_10:1-5000000	SAR_381
sar_10:5000001-10000000	SAR_382
sar_10:10000001-15000000	SAR_383
sar_10:15000001-20000000	SAR_384
sar_10:20000001-25000000	SAR_385
sar_10:25000001-30000000	SAR_386
sar_10:30000001-35000000	SAR_387
sar_10:35000001-40000000	SAR_388
sar_10:40000001-45000000	SAR_389
sar_10:45000001-50000000	SAR_390
sar_10:50000001-55000000	SAR_391
sar_10:55000001-60000000	SAR_392
sar_10:60000001-65000000	SAR_393
sar_10:65000001-70000000	SAR_394
sar_10:70000001-75000000	SAR_395
sar_10:75000001-80000000	SAR_396
sar_10:80000001-85000000	SAR_397
sar_10:85000001-90000000	SAR_398
sar_10:90000001-95000000	SAR_399
sar_10:95000001-100000000	SAR_400
sar_10:100000001-105000000	SAR_401
sar_10:105000001-110000000	SAR_402
sar_10:110000001-115000000	SAR_403
sar_10:115000001-120000000	SAR_404
sar_10:120000001-125000000	SAR_405
sar_10:125000001-130000000	SAR_406
sar_10:130000001-135000000	SAR_407
sar_10:135000001-140000000	SAR_408
sar_10:140000001-145000000	SAR_409
sar_10:145000001-150000000	SAR_410
sar_10:150000001-155000000	SAR_411
sar_10:155000001-160000000	SAR_412
sar_10:160000001-165000000	SAR_413
sar_10:165000001-170000000	SAR_414
sar_10:170000001-175000000	SAR_415
sar_10:175000001-180000000	SAR_416
sar_10:180000001-185000000	SAR_417
sar_10:185000001-190000000	SAR_418
sar_10:190000001-195000000	SAR_419
sar_10:195000001-200000000	SAR_420
sar_10:200000001-205000000	SAR_421
sar_10:205000001-209819502	SAR_422
sar_11:1-5000000	SAR_423
sar_11:5000001-10000000	SAR_424
sar_11:10000001-15000000	SAR_425
sar_11:15000001-20000000	SAR_426
sar_11:20000001-25000000	SAR_427
sar_11:25000001-30000000	SAR_428
sar_11:30000001-35000000	SAR_429
sar_11:35000001-40000000	SAR_430
sar_11:40000001-45000000	SAR_431
sar_11:45000001-50000000	SAR_432
sar_11:50000001-55000000	SAR_433
sar_11:55000001-60000000	SAR_434
sar_11:60000001-65000000	SAR_435
sar_11:65000001-70000000	SAR_436
sar_11:70000001-75000000	SAR_437
sar_11:75000001-80000000	SAR_438
sar_11:80000001-85000000	SAR_439
sar_11:85000001-90000000	SAR_440
sar_11:90000001-95000000	SAR_441
sar_11:95000001-100000000	SAR_442
sar_11:100000001-105000000	SAR_443
sar_11:105000001-110000000	SAR_444
sar_11:110000001-115000000	SAR_445
sar_11:115000001-120000000	SAR_446
sar_11:120000001-125000000	SAR_447
sar_11:125000001-130000000	SAR_448
sar_11:130000001-135000000	SAR_449
sar_11:135000001-140000000	SAR_450
sar_11:140000001-145000000	SAR_451
sar_11:145000001-150000000	SAR_452
sar_11:150000001-155000000	SAR_453
sar_11:155000001-160000000	SAR_454
sar_11:160000001-165000000	SAR_455
sar_11:165000001-170000000	SAR_456
sar_11:170000001-175000000	SAR_457
sar_11:175000001-180000000	SAR_458
sar_11:180000001-185000000	SAR_459
sar_11:185000001-190000000	SAR_460
sar_11:190000001-195000000	SAR_461
sar_11:195000001-200000000	SAR_462
sar_11:200000001-205000000	SAR_463
sar_11:205000001-210000000	SAR_464
sar_11:210000001-215000000	SAR_465
sar_11:215000001-220000000	SAR_466
sar_11:220000001-224607363	SAR_467
sar_12:1-5000000	SAR_468
sar_12:5000001-10000000	SAR_469
sar_12:10000001-15000000	SAR_470
sar_12:15000001-20000000	SAR_471
sar_12:20000001-25000000	SAR_472
sar_12:25000001-30000000	SAR_473
sar_12:30000001-35000000	SAR_474
sar_12:35000001-40000000	SAR_475
sar_12:40000001-45000000	SAR_476
sar_12:45000001-50000000	SAR_477
sar_12:50000001-55000000	SAR_478
sar_12:55000001-60000000	SAR_479
sar_12:60000001-65000000	SAR_480
sar_12:65000001-70000000	SAR_481
sar_12:70000001-75000000	SAR_482
sar_12:75000001-80000000	SAR_483
sar_12:80000001-85000000	SAR_484
sar_12:85000001-90000000	SAR_485
sar_12:90000001-95000000	SAR_486
sar_12:95000001-100000000	SAR_487
sar_12:100000001-105000000	SAR_488
sar_12:105000001-110000000	SAR_489
sar_12:110000001-115000000	SAR_490
sar_12:115000001-120000000	SAR_491
sar_12:120000001-125000000	SAR_492
sar_12:125000001-130000000	SAR_493
sar_12:130000001-135000000	SAR_494
sar_12:135000001-140000000	SAR_495
sar_12:140000001-145000000	SAR_496
sar_12:145000001-150000000	SAR_497
sar_12:150000001-155000000	SAR_498
sar_12:155000001-160000000	SAR_499
sar_12:160000001-165000000	SAR_500
sar_12:165000001-170000000	SAR_501
sar_12:170000001-175000000	SAR_502
sar_12:175000001-180000000	SAR_503
sar_12:180000001-185000000	SAR_504
sar_12:185000001-190000000	SAR_505
sar_12:190000001-191734226	SAR_506
sar_13:1-5000000	SAR_507
sar_13:5000001-10000000	SAR_508
sar_13:10000001-15000000	SAR_509
sar_13:15000001-20000000	SAR_510
sar_13:20000001-25000000	SAR_511
sar_13:25000001-30000000	SAR_512
sar_13:30000001-35000000	SAR_513
sar_13:35000001-40000000	SAR_514
sar_13:40000001-45000000	SAR_515
sar_13:45000001-50000000	SAR_516
sar_13:50000001-55000000	SAR_517
sar_13:55000001-60000000	SAR_518
sar_13:60000001-65000000	SAR_519
sar_13:65000001-70000000	SAR_520
sar_13:70000001-75000000	SAR_521
sar_13:75000001-80000000	SAR_522
sar_13:80000001-85000000	SAR_523
sar_13:85000001-90000000	SAR_524
sar_13:90000001-95000000	SAR_525
sar_13:95000001-100000000	SAR_526
sar_13:100000001-105000000	SAR_527
sar_13:105000001-110000000	SAR_528
sar_13:110000001-115000000	SAR_529
sar_13:115000001-120000000	SAR_530
sar_13:120000001-125000000	SAR_531
sar_13:125000001-130000000	SAR_532
sar_13:130000001-135000000	SAR_533
sar_13:135000001-140000000	SAR_534
sar_13:140000001-145000000	SAR_535
sar_13:145000001-150000000	SAR_536
sar_13:150000001-155000000	SAR_537
sar_13:155000001-160000000	SAR_538
sar_13:160000001-165000000	SAR_539
sar_13:165000001-170000000	SAR_540
sar_13:170000001-175000000	SAR_541
sar_13:175000001-180000000	SAR_542
sar_13:180000001-185000000	SAR_543
sar_13:185000001-189097342	SAR_544
sar_14:1-5000000	SAR_545
sar_14:5000001-10000000	SAR_546
sar_14:10000001-15000000	SAR_547
sar_14:15000001-20000000	SAR_548
sar_14:20000001-25000000	SAR_549
sar_14:25000001-30000000	SAR_550
sar_14:30000001-35000000	SAR_551
sar_14:35000001-40000000	SAR_552
sar_14:40000001-45000000	SAR_553
sar_14:45000001-50000000	SAR_554
sar_14:50000001-55000000	SAR_555
sar_14:55000001-60000000	SAR_556
sar_14:60000001-65000000	SAR_557
sar_14:65000001-70000000	SAR_558
sar_14:70000001-75000000	SAR_559
sar_14:75000001-80000000	SAR_560
sar_14:80000001-85000000	SAR_561
sar_14:85000001-90000000	SAR_562
sar_14:90000001-95000000	SAR_563
sar_14:95000001-100000000	SAR_564
sar_14:100000001-105000000	SAR_565
sar_14:105000001-110000000	SAR_566
sar_14:110000001-115000000	SAR_567
sar_14:115000001-120000000	SAR_568
sar_14:120000001-125000000	SAR_569
sar_14:125000001-130000000	SAR_570
sar_14:130000001-135000000	SAR_571
sar_14:135000001-140000000	SAR_572
sar_14:140000001-142608257	SAR_573
sar_X1:1-5000000	SAR_574
sar_X1:5000001-10000000	SAR_575
sar_X1:10000001-15000000	SAR_576
sar_X1:15000001-20000000	SAR_577
sar_X1:20000001-25000000	SAR_578
sar_X1:25000001-30000000	SAR_579
sar_X1:30000001-35000000	SAR_580
sar_X1:35000001-40000000	SAR_581
sar_X1:40000001-45000000	SAR_582
sar_X1:45000001-50000000	SAR_583
sar_X1:50000001-55000000	SAR_584
sar_X1:55000001-60000000	SAR_585
sar_X1:60000001-65000000	SAR_586
sar_X1:65000001-70000000	SAR_587
sar_X1:70000001-75000000	SAR_588
sar_X1:75000001-80000000	SAR_589
sar_X1:80000001-85000000	SAR_590
sar_X1:85000001-90000000	SAR_591
sar_X1:90000001-95000000	SAR_592
sar_X1:95000001-100000000	SAR_593
sar_X1:100000001-105000000	SAR_594
sar_X1:105000001-110000000	SAR_595
sar_X1:110000001-115000000	SAR_596
sar_X1:115000001-120000000	SAR_597
sar_X1:120000001-125000000	SAR_598
sar_X1:125000001-130000000	SAR_599
sar_X1:130000001-135000000	SAR_600
sar_X1:135000001-140000000	SAR_601
sar_X1:140000001-145000000	SAR_602
sar_X1:145000001-150000000	SAR_603
sar_X1:150000001-155000000	SAR_604
sar_X1:155000001-160000000	SAR_605
sar_X1:160000001-165000000	SAR_606
sar_X1:165000001-170000000	SAR_607
sar_X1:170000001-175000000	SAR_608
sar_X1:175000001-180000000	SAR_609
sar_X1:180000001-185000000	SAR_610
sar_X1:185000001-190000000	SAR_611
sar_X1:190000001-195000000	SAR_612
sar_X1:195000001-200000000	SAR_613
sar_X1:200000001-205000000	SAR_614
sar_X1:205000001-210000000	SAR_615
sar_X1:210000001-215000000	SAR_616
sar_X1:215000001-220000000	SAR_617
sar_X1:220000001-225000000	SAR_618
sar_X1:225000001-230000000	SAR_619
sar_X1:230000001-235000000	SAR_620
sar_X1:235000001-240000000	SAR_621
sar_X1:240000001-245000000	SAR_622
sar_X1:245000001-250000000	SAR_623
sar_X1:250000001-255000000	SAR_624
sar_X1:255000001-256424846	SAR_625
sar_X2:1-5000000	SAR_626
sar_X2:5000001-10000000	SAR_627
sar_X2:10000001-15000000	SAR_628
sar_X2:15000001-20000000	SAR_629
sar_X2:20000001-25000000	SAR_630
sar_X2:25000001-30000000	SAR_631
sar_X2:30000001-35000000	SAR_632
sar_X2:35000001-40000000	SAR_633
sar_X2:40000001-45000000	SAR_634
sar_X2:45000001-50000000	SAR_635
sar_X2:50000001-55000000	SAR_636
sar_X2:55000001-60000000	SAR_637
sar_X2:60000001-65000000	SAR_638
sar_X2:65000001-70000000	SAR_639
sar_X2:70000001-75000000	SAR_640
sar_X2:75000001-80000000	SAR_641
sar_X2:80000001-85000000	SAR_642
sar_X2:85000001-90000000	SAR_643
sar_X2:90000001-95000000	SAR_644
sar_X2:95000001-100000000	SAR_645
sar_X2:100000001-105000000	SAR_646
sar_X2:105000001-110000000	SAR_647
sar_X2:110000001-115000000	SAR_648
sar_X2:115000001-120000000	SAR_649
sar_X2:120000001-125000000	SAR_650
sar_X2:125000001-130000000	SAR_651
sar_X2:130000001-135000000	SAR_652
sar_X2:135000001-140000000	SAR_653
sar_X2:140000001-145000000	SAR_654
sar_X2:145000001-150000000	SAR_655
sar_X2:150000001-155000000	SAR_656
sar_X2:155000001-160000000	SAR_657
sar_X2:160000001-165000000	SAR_658
sar_X2:165000001-170000000	SAR_659
sar_X2:170000001-175000000	SAR_660
sar_X2:175000001-180000000	SAR_661
sar_X2:180000001-185000000	SAR_662
sar_X2:185000001-190000000	SAR_663
sar_X2:190000001-195000000	SAR_664
sar_X2:195000001-200000000	SAR_665
sar_X2:200000001-205000000	SAR_666
sar_X2:205000001-210000000	SAR_667
sar_X2:210000001-215000000	SAR_668
sar_X2:215000001-220000000	SAR_669
sar_X2:220000001-224722975	SAR_670
